rhythm-v1,2018-01-22T17_04_36,65537,26606721967853985180592333186914452843230791142760424539334474120208474160492909634747324001942707590507777914403321977128267682990625241359762430926520207011450415442499536258978484965969928924642810604657691239596728051365142536043945514855562322443477117319822583010088089072200849832671836293789602451758407721154292632701652234946940175609390023066082487851800121699388322651700342430104060895489137993410136548851304137837200994400356985896349391997133324839394975114465749464287820398644953334735650281728680443049367496753316711772675094362367987314382769483781206068939094573558005075216725896726696776261471
payroll-v1,2018-01-22T17_04_36,65537,22994266849948460056455631693960206240648827612359656258582419688534478307921189306260470069952958405128862456520143260024896390895687038423751682053692832046227317955892957892991106642949890779452502395940637512637396240300931819852056603579951957380781546303847292413812331177869796713199915166531217833338321179224715606923880091811670289762524178912151246620859400968851423217283275680318469519704680003278358815307668819041333976715479223110112652026405413776094520856793074291886220428903088148357802204589810120132104577566387122840479793513096446074345522370325066037901591557502661351257515533204919106599973
cheques-v1,2018-01-22T17_04_36,65537,19413610335177679255646425361080057610485059122527294024806817534442267611655346155488675308054204074719839843101968364360455719403172141823392089667208938516475473887512751795731710934064855161074079884122264898125012214740402920536416597247168946395125129853414206639044066742075586841324339167459304977643653236272058319928645710953067271692719863055077229723725988857464297040381403224391910341354833965958860391648749425231778041176813487152725622125584223643621384491076214769137488462371853617302823544784945223841757234948573523834654891282612416086616471108232177749457999191779986977300753210149719407279171
portfolio-v1,2018-01-22T17_04_36,65537,19768817823249787186107284598513867192317567397607148273653979065969432559990712278870689602417700669827393940981316352842374977551740822135974135060589291351365123597295636494949683876454699142413412668453347135751797201209306381734421556914205745580781561197314647176962580169871649782832377902464950282119165914787536062548735848099823873568106630588713770443489622740765714658203353748982630743943378932992560315249612792851069541969345341344136119397043717138475765953362522334800893601842599036783400862955291322037619200596478027711420099497148969969839370072169482744574661624014102818896388624083158018337481
office-v1,2018-01-22T17_04_36,65537,16644968643002356016068908558611569321073942489417373904640979881684288494802736992908071028784142008682271718880210774385558353296231964771680774838291645441096476390377028476029843787755015976013186720105956061449674443755919382047647853217548893414561211231106753057830026146912427461488301106464092896047793096971993541440802694165594177973512482088249247968075977303571008374248190795019126313351251323888727429119609828474702647224618446419320165793358061823834290466057437886105742611527060181911234582847856571981945050071123691671599961038484217864903969641653270314605430273863936717208076892612937016520567
accounting-v1,2018-01-22T17_04_36,65537,17332243665527725249235869093155123325848365674863120417816052131301976783726809186436780262512169380314672974188366898390438197630223092918819586925505815419541456276520881623856377652644798166362584075430559680490911089864254768872072903473858255271621889393550641793688989662269887919350915742169823329847508585681114591546235820598560323194505887069116602136578963423096654754667417585337167731920434537478396873774600918498293793357457858949836059084474806418607118734142032798507475558376969677514878680563529158161938651371366272313951517382732760924168302643723146492039877011302605851555548486470722132155149
deposit-v1,2018-01-22T17_04_36,65537,20098543211518326747914615920340965088156854184296937043081757160271553820561781723523027080038252795429886380455478853616528399268358716984021441187098443255475447184635792048905335685792287149777739734963553936710886889359492120572009183669144622749312962900290568841126469384250507287075044946860464549961414654630768824344284287654527924483204221900034975715490906656440021637312434834187234169719689649214056862181001829968068128074907956900183341145730306458429511025429957068362812084753323954881755120329237318878905488896379588070085673844524065283457831051576022254306193452600037461111554514085530062587723
teller-v1,2018-01-22T17_04_36,65537,24015249878728199186881912558784473502264887236419989173416249746687362714027768237092539640708667133644074192238496280124250617531515068809330898508449688177398529358727235442312653945435493033548222402530503354073824951961765789653826652050056566835512338082741352221915087614645221722253383265949571280610519267987993735655464271154210127025529882629295112511113035699478515982503373456045592906926669875536405948375737474884608521220307069464694914011786691964238375856729492458874597819082700600009079681523451345392354684099754417974342736164131409962753210251303282476707985066259433833620201155347472919964813
reporting-v1,2018-01-22T17_04_36,65537,18014734761998502062504524919144052020389410947599268140301271016029633828072188722160334233270938059577537999702731762695842625099361258803984157027617184208350077963215433939000199827625722785739328994402485681767051397540148660621276133276987062007952101899644443088934490060402256935033706322904014191861212412958944279249137479950041216542937531091960970272729693726407243965851250865729309970114709910680680055518922177021877934380398555194876813313713699742141790770846653571554610187400801670373269874917456860068157147655413212786475535584473645594178342480863054782539459153476127254028157515863909940025061
customer-v1,2018-01-22T17_04_36,65537,27942620333759271183104374247711317755138593064825567447879521829402338901285025363340788412713901340914199806242446347478433322297952335847270211455565953645347071946557555876046079055067897267407184727521991338655421919642975878030307838078021184225699465130970443640822165774031852825756495331711756958344254481466023419348904832436660701243015027752098728348349416361334585781315415350975973930915224546956319715727664114667397985020033120675109211762299511067488991504694914634521884033773251801025801707541101120686781897028770763419683236503819450373506375603450540452228292099922698404614277196401871665785373
